<?xml version='1.0' encoding='UTF-8' standalone='no'?>
<doxygen xmlns:xsi="http://www.w3.org/2001/XMLSchema-instance" xsi:noNamespaceSchemaLocation="compound.xsd" version="1.8.16">
  <compounddef id="vector__dinamico_8hpp" kind="file" language="C++">
    <compoundname>vector_dinamico.hpp</compoundname>
    <includes local="no">cassert</includes>
    <includedby refid="ingredientes_8h" local="yes">include/ingredientes.h</includedby>
    <incdepgraph>
      <node id="1">
        <label>include/vector_dinamico.hpp</label>
        <link refid="vector__dinamico_8hpp"/>
        <childnode refid="2" relation="include">
        </childnode>
      </node>
      <node id="2">
        <label>cassert</label>
      </node>
    </incdepgraph>
    <invincdepgraph>
      <node id="1">
        <label>include/vector_dinamico.hpp</label>
        <link refid="vector__dinamico_8hpp"/>
        <childnode refid="2" relation="include">
        </childnode>
      </node>
      <node id="2">
        <label>include/ingredientes.h</label>
        <link refid="ingredientes_8h"/>
      </node>
    </invincdepgraph>
    <innerclass refid="class_vector___dinamico" prot="public">Vector_Dinamico</innerclass>
    <briefdescription>
    </briefdescription>
    <detaileddescription>
    </detaileddescription>
    <programlisting>
<codeline lineno="1"></codeline>
<codeline lineno="7"><highlight class="preprocessor">#ifndef<sp/>_VECTOR_DINAMICO_H_</highlight><highlight class="normal"></highlight></codeline>
<codeline lineno="8"><highlight class="normal"></highlight><highlight class="preprocessor">#define<sp/>_VECTOR_DINAMICO_H_</highlight><highlight class="normal"></highlight></codeline>
<codeline lineno="9"><highlight class="normal"></highlight></codeline>
<codeline lineno="10"><highlight class="normal"></highlight><highlight class="preprocessor">#include<sp/>&lt;cassert&gt;</highlight></codeline>
<codeline lineno="32"><highlight class="keyword">template</highlight><highlight class="normal"><sp/>&lt;</highlight><highlight class="keyword">class</highlight><highlight class="normal"><sp/>T&gt;</highlight></codeline>
<codeline lineno="33" refid="class_vector___dinamico" refkind="compound"><highlight class="normal"></highlight><highlight class="keyword">class<sp/></highlight><highlight class="normal"><ref refid="class_vector___dinamico" kindref="compound">Vector_Dinamico</ref>{</highlight></codeline>
<codeline lineno="34"><highlight class="normal"></highlight><highlight class="keyword">private</highlight><highlight class="normal">:</highlight></codeline>
<codeline lineno="49"><highlight class="normal"><sp/><sp/><sp/><sp/>T<sp/>*datos;</highlight></codeline>
<codeline lineno="50"><highlight class="normal"><sp/><sp/><sp/><sp/></highlight><highlight class="keywordtype">int</highlight><highlight class="normal"><sp/>nelementos;</highlight></codeline>
<codeline lineno="51"><highlight class="normal"><sp/><sp/><sp/><sp/></highlight><highlight class="keywordtype">int</highlight><highlight class="normal"><sp/>reservados;</highlight></codeline>
<codeline lineno="52"><highlight class="normal"></highlight></codeline>
<codeline lineno="53"><highlight class="normal"></highlight><highlight class="keyword">public</highlight><highlight class="normal">:</highlight></codeline>
<codeline lineno="54"><highlight class="normal"></highlight></codeline>
<codeline lineno="58" refid="class_vector___dinamico_1aff1df0a1ee3621516de0914371c76e7d" refkind="member"><highlight class="normal"><ref refid="class_vector___dinamico_1aff1df0a1ee3621516de0914371c76e7d" kindref="member">Vector_Dinamico</ref>(){</highlight></codeline>
<codeline lineno="59"><highlight class="normal"><sp/><sp/><sp/><sp/><ref refid="class_vector___dinamico_1aff1df0a1ee3621516de0914371c76e7d" kindref="member">Vector_Dinamico</ref>(0);</highlight></codeline>
<codeline lineno="60"><highlight class="normal">}</highlight></codeline>
<codeline lineno="61"><highlight class="normal"></highlight></codeline>
<codeline lineno="68" refid="class_vector___dinamico_1a611c037875e8d283e8a636481ae58948" refkind="member"><highlight class="normal"><ref refid="class_vector___dinamico_1a611c037875e8d283e8a636481ae58948" kindref="member">Vector_Dinamico</ref>(</highlight><highlight class="keywordtype">int</highlight><highlight class="normal"><sp/>n){</highlight></codeline>
<codeline lineno="69"><highlight class="normal"><sp/><sp/><sp/><sp/>assert(n<sp/>&gt;=<sp/>0);</highlight></codeline>
<codeline lineno="70"><highlight class="normal"><sp/><sp/><sp/><sp/></highlight><highlight class="keywordflow">if</highlight><highlight class="normal"><sp/>(n<sp/>&gt;<sp/>0)</highlight></codeline>
<codeline lineno="71"><highlight class="normal"><sp/><sp/><sp/><sp/><sp/><sp/><sp/><sp/>datos<sp/>=<sp/></highlight><highlight class="keyword">new</highlight><highlight class="normal"><sp/>T[n];</highlight></codeline>
<codeline lineno="72"><highlight class="normal"><sp/><sp/><sp/><sp/></highlight><highlight class="keywordflow">else</highlight><highlight class="normal"></highlight></codeline>
<codeline lineno="73"><highlight class="normal"><sp/><sp/><sp/><sp/><sp/><sp/><sp/><sp/>datos<sp/>=<sp/>0;</highlight></codeline>
<codeline lineno="74"><highlight class="normal"><sp/><sp/><sp/><sp/><sp/><sp/><sp/><sp/>reservados<sp/>=<sp/>n;</highlight></codeline>
<codeline lineno="75"><highlight class="normal"><sp/><sp/><sp/><sp/><sp/><sp/><sp/><sp/>nelementos<sp/>=<sp/>0;</highlight></codeline>
<codeline lineno="76"><highlight class="normal">}</highlight></codeline>
<codeline lineno="77"><highlight class="normal"></highlight></codeline>
<codeline lineno="84" refid="class_vector___dinamico_1af555ebdf8afb084abee718a6514be8a7" refkind="member"><highlight class="normal"><ref refid="class_vector___dinamico_1af555ebdf8afb084abee718a6514be8a7" kindref="member">Vector_Dinamico</ref>(</highlight><highlight class="keyword">const</highlight><highlight class="normal"><sp/><ref refid="class_vector___dinamico" kindref="compound">Vector_Dinamico</ref><sp/>&amp;original){</highlight></codeline>
<codeline lineno="85"><highlight class="normal"><sp/><sp/><sp/><sp/>nelementos<sp/>=<sp/>original.nelementos;</highlight></codeline>
<codeline lineno="86"><highlight class="normal"><sp/><sp/><sp/><sp/>reservados<sp/>=<sp/>original.reservados;</highlight></codeline>
<codeline lineno="87"><highlight class="normal"><sp/><sp/><sp/><sp/></highlight><highlight class="keywordflow">if</highlight><highlight class="normal"><sp/>(reservados<sp/>&gt;<sp/>0){</highlight></codeline>
<codeline lineno="88"><highlight class="normal"><sp/><sp/><sp/><sp/><sp/><sp/><sp/><sp/>datos<sp/>=<sp/></highlight><highlight class="keyword">new</highlight><highlight class="normal"><sp/>T[reservados];</highlight></codeline>
<codeline lineno="89"><highlight class="normal"><sp/><sp/><sp/><sp/><sp/><sp/><sp/><sp/></highlight><highlight class="keywordflow">for</highlight><highlight class="normal"><sp/>(</highlight><highlight class="keywordtype">int</highlight><highlight class="normal"><sp/>i<sp/>=<sp/>0;<sp/>i<sp/>&lt;<sp/>nelementos;<sp/>i++)</highlight></codeline>
<codeline lineno="90"><highlight class="normal"><sp/><sp/><sp/><sp/><sp/><sp/><sp/><sp/><sp/><sp/><sp/><sp/>datos[i]<sp/>=<sp/>original.datos[i];</highlight></codeline>
<codeline lineno="91"><highlight class="normal"><sp/><sp/><sp/><sp/>}</highlight></codeline>
<codeline lineno="92"><highlight class="normal"><sp/><sp/><sp/><sp/></highlight><highlight class="keywordflow">else</highlight><highlight class="normal">{</highlight></codeline>
<codeline lineno="93"><highlight class="normal"><sp/><sp/><sp/><sp/><sp/><sp/><sp/><sp/>reservados<sp/>=<sp/>0;</highlight></codeline>
<codeline lineno="94"><highlight class="normal"><sp/><sp/><sp/><sp/><sp/><sp/><sp/><sp/>nelementos<sp/>=<sp/>0;</highlight></codeline>
<codeline lineno="95"><highlight class="normal"><sp/><sp/><sp/><sp/><sp/><sp/><sp/><sp/>datos<sp/>=<sp/>0;</highlight></codeline>
<codeline lineno="96"><highlight class="normal"><sp/><sp/><sp/><sp/>}</highlight></codeline>
<codeline lineno="97"><highlight class="normal">}</highlight></codeline>
<codeline lineno="98"><highlight class="normal"></highlight></codeline>
<codeline lineno="103" refid="class_vector___dinamico_1a7a804c69350b7e514cd1b294c3ed9da1" refkind="member"><highlight class="normal"><ref refid="class_vector___dinamico_1a7a804c69350b7e514cd1b294c3ed9da1" kindref="member">~Vector_Dinamico</ref>(){</highlight></codeline>
<codeline lineno="104"><highlight class="normal"><sp/><sp/><sp/><sp/></highlight><highlight class="keywordflow">if</highlight><highlight class="normal"><sp/>(reservados<sp/>&gt;<sp/>0)</highlight></codeline>
<codeline lineno="105"><highlight class="normal"><sp/><sp/><sp/><sp/><sp/><sp/><sp/><sp/></highlight><highlight class="keyword">delete</highlight><highlight class="normal">[]<sp/>datos;</highlight></codeline>
<codeline lineno="106"><highlight class="normal">}</highlight></codeline>
<codeline lineno="107"><highlight class="normal"></highlight></codeline>
<codeline lineno="112" refid="class_vector___dinamico_1af4050e799003ac92ab8da36d8bd5bb00" refkind="member"><highlight class="keywordtype">int</highlight><highlight class="normal"><sp/><ref refid="class_vector___dinamico_1af4050e799003ac92ab8da36d8bd5bb00" kindref="member">size</ref>()</highlight><highlight class="keyword"><sp/>const</highlight><highlight class="normal">{</highlight></codeline>
<codeline lineno="113"><highlight class="normal"><sp/><sp/><sp/><sp/></highlight><highlight class="keywordflow">return</highlight><highlight class="normal"><sp/>reservados;</highlight></codeline>
<codeline lineno="114"><highlight class="normal">}</highlight></codeline>
<codeline lineno="115"><highlight class="normal"></highlight></codeline>
<codeline lineno="120" refid="class_vector___dinamico_1a568649cf848f2155b4d5eb6ee527bb6c" refkind="member"><highlight class="keywordtype">int</highlight><highlight class="normal"><sp/><ref refid="class_vector___dinamico_1a568649cf848f2155b4d5eb6ee527bb6c" kindref="member">getNumElementos</ref>()</highlight><highlight class="keyword"><sp/>const</highlight><highlight class="normal">{</highlight></codeline>
<codeline lineno="121"><highlight class="normal"><sp/><sp/><sp/><sp/></highlight><highlight class="keywordflow">return</highlight><highlight class="normal"><sp/>nelementos;</highlight></codeline>
<codeline lineno="122"><highlight class="normal">}</highlight></codeline>
<codeline lineno="123"><highlight class="normal"></highlight></codeline>
<codeline lineno="129" refid="class_vector___dinamico_1a1b7bf3f5b5dd748bbb55b8e2cd448c94" refkind="member"><highlight class="keywordtype">void</highlight><highlight class="normal"><sp/><ref refid="class_vector___dinamico_1a1b7bf3f5b5dd748bbb55b8e2cd448c94" kindref="member">resize</ref>(</highlight><highlight class="keywordtype">int</highlight><highlight class="normal"><sp/>n){</highlight></codeline>
<codeline lineno="130"><highlight class="normal"><sp/><sp/><sp/><sp/>assert(n<sp/>&gt;=<sp/>0);</highlight></codeline>
<codeline lineno="131"><highlight class="normal"><sp/><sp/><sp/><sp/></highlight><highlight class="keywordflow">if</highlight><highlight class="normal"><sp/>(n<sp/>!=<sp/>reservados){</highlight></codeline>
<codeline lineno="132"><highlight class="normal"><sp/><sp/><sp/><sp/><sp/><sp/><sp/><sp/></highlight><highlight class="keywordflow">if</highlight><highlight class="normal"><sp/>(n<sp/>!=<sp/>0){</highlight></codeline>
<codeline lineno="133"><highlight class="normal"><sp/><sp/><sp/><sp/><sp/><sp/><sp/><sp/><sp/><sp/><sp/><sp/>T<sp/>*nuevos_datos<sp/>=<sp/></highlight><highlight class="keyword">new</highlight><highlight class="normal"><sp/>T[n];</highlight></codeline>
<codeline lineno="134"><highlight class="normal"><sp/><sp/><sp/><sp/><sp/><sp/><sp/><sp/><sp/><sp/><sp/><sp/></highlight><highlight class="keywordflow">if</highlight><highlight class="normal"><sp/>(reservados<sp/>&gt;<sp/>0){</highlight></codeline>
<codeline lineno="135"><highlight class="normal"><sp/><sp/><sp/><sp/><sp/><sp/><sp/><sp/><sp/><sp/><sp/><sp/><sp/><sp/><sp/><sp/></highlight><highlight class="keywordtype">int</highlight><highlight class="normal"><sp/>minimo<sp/>=<sp/>n<sp/>&lt;<sp/>nelementos<sp/>?<sp/>n<sp/>:<sp/>nelementos;</highlight></codeline>
<codeline lineno="136"><highlight class="normal"><sp/><sp/><sp/><sp/><sp/><sp/><sp/><sp/><sp/><sp/><sp/><sp/><sp/><sp/><sp/><sp/>nelementos<sp/>=<sp/>minimo;</highlight></codeline>
<codeline lineno="137"><highlight class="normal"><sp/><sp/><sp/><sp/><sp/><sp/><sp/><sp/><sp/><sp/><sp/><sp/><sp/><sp/><sp/><sp/></highlight><highlight class="keywordflow">for</highlight><highlight class="normal"><sp/>(</highlight><highlight class="keywordtype">int</highlight><highlight class="normal"><sp/>i<sp/>=<sp/>0;<sp/>i<sp/>&lt;<sp/>minimo;<sp/>i++)</highlight></codeline>
<codeline lineno="138"><highlight class="normal"><sp/><sp/><sp/><sp/><sp/><sp/><sp/><sp/><sp/><sp/><sp/><sp/><sp/><sp/><sp/><sp/><sp/><sp/><sp/><sp/>nuevos_datos[i]<sp/>=<sp/>datos[i];</highlight></codeline>
<codeline lineno="139"><highlight class="normal"><sp/><sp/><sp/><sp/><sp/><sp/><sp/><sp/><sp/><sp/><sp/><sp/><sp/><sp/><sp/><sp/></highlight><highlight class="keyword">delete</highlight><highlight class="normal">[]<sp/>datos;</highlight></codeline>
<codeline lineno="140"><highlight class="normal"><sp/><sp/><sp/><sp/><sp/><sp/><sp/><sp/><sp/><sp/><sp/><sp/>}</highlight></codeline>
<codeline lineno="141"><highlight class="normal"><sp/><sp/><sp/><sp/><sp/><sp/><sp/><sp/><sp/><sp/><sp/><sp/>reservados<sp/>=<sp/>n;</highlight></codeline>
<codeline lineno="142"><highlight class="normal"><sp/><sp/><sp/><sp/><sp/><sp/><sp/><sp/><sp/><sp/><sp/><sp/>datos<sp/>=<sp/>nuevos_datos;</highlight></codeline>
<codeline lineno="143"><highlight class="normal"><sp/><sp/><sp/><sp/><sp/><sp/><sp/><sp/>}</highlight></codeline>
<codeline lineno="144"><highlight class="normal"><sp/><sp/><sp/><sp/><sp/><sp/><sp/><sp/></highlight><highlight class="keywordflow">else</highlight><highlight class="normal">{<sp/></highlight><highlight class="comment">//Si<sp/>n==0</highlight><highlight class="normal"></highlight></codeline>
<codeline lineno="145"><highlight class="normal"><sp/><sp/><sp/><sp/><sp/><sp/><sp/><sp/><sp/><sp/><sp/><sp/></highlight><highlight class="keywordflow">if</highlight><highlight class="normal"><sp/>(reservados<sp/>&gt;<sp/>0)</highlight></codeline>
<codeline lineno="146"><highlight class="normal"><sp/><sp/><sp/><sp/><sp/><sp/><sp/><sp/><sp/><sp/><sp/><sp/><sp/><sp/><sp/><sp/></highlight><highlight class="keyword">delete</highlight><highlight class="normal">[]<sp/>datos;</highlight></codeline>
<codeline lineno="147"><highlight class="normal"><sp/><sp/><sp/><sp/><sp/><sp/><sp/><sp/><sp/><sp/><sp/><sp/>datos<sp/>=<sp/>0;</highlight></codeline>
<codeline lineno="148"><highlight class="normal"><sp/><sp/><sp/><sp/><sp/><sp/><sp/><sp/><sp/><sp/><sp/><sp/>reservados<sp/>=<sp/>0;</highlight></codeline>
<codeline lineno="149"><highlight class="normal"><sp/><sp/><sp/><sp/><sp/><sp/><sp/><sp/><sp/><sp/><sp/><sp/>nelementos<sp/>=<sp/>0;</highlight></codeline>
<codeline lineno="150"><highlight class="normal"><sp/><sp/><sp/><sp/><sp/><sp/><sp/><sp/>}</highlight></codeline>
<codeline lineno="151"><highlight class="normal"><sp/><sp/><sp/><sp/>}</highlight></codeline>
<codeline lineno="152"><highlight class="normal">}</highlight></codeline>
<codeline lineno="153"><highlight class="normal"></highlight></codeline>
<codeline lineno="159" refid="class_vector___dinamico_1a93666466d9a2bf8bc4f2a217d5f94bf9" refkind="member"><highlight class="normal">T<sp/>&amp;<ref refid="class_vector___dinamico_1a93666466d9a2bf8bc4f2a217d5f94bf9" kindref="member">operator[]</ref>(</highlight><highlight class="keyword">const</highlight><highlight class="normal"><sp/></highlight><highlight class="keywordtype">int</highlight><highlight class="normal"><sp/>i){</highlight></codeline>
<codeline lineno="160"><highlight class="normal"><sp/><sp/><sp/><sp/>assert(i<sp/>&gt;=<sp/>0<sp/>&amp;&amp;<sp/>i<sp/>&lt;<sp/>reservados);</highlight></codeline>
<codeline lineno="161"><highlight class="normal"><sp/><sp/><sp/><sp/></highlight><highlight class="keywordflow">return</highlight><highlight class="normal"><sp/>datos[i];</highlight></codeline>
<codeline lineno="162"><highlight class="normal">}</highlight></codeline>
<codeline lineno="163"><highlight class="normal"></highlight></codeline>
<codeline lineno="169" refid="class_vector___dinamico_1a3129decf0d63405ced07ded86d5b05f3" refkind="member"><highlight class="keyword">const</highlight><highlight class="normal"><sp/>T<sp/>&amp;<ref refid="class_vector___dinamico_1a3129decf0d63405ced07ded86d5b05f3" kindref="member">operator[]</ref>(</highlight><highlight class="keyword">const</highlight><highlight class="normal"><sp/></highlight><highlight class="keywordtype">int</highlight><highlight class="normal"><sp/>i)</highlight><highlight class="keyword"><sp/>const</highlight><highlight class="normal">{</highlight></codeline>
<codeline lineno="170"><highlight class="normal"><sp/><sp/><sp/><sp/>assert(i<sp/>&gt;=<sp/>0<sp/>&amp;&amp;<sp/>i<sp/>&lt;<sp/>reservados);</highlight></codeline>
<codeline lineno="171"><highlight class="normal"><sp/><sp/><sp/><sp/></highlight><highlight class="keywordflow">return</highlight><highlight class="normal"><sp/>datos[i];</highlight></codeline>
<codeline lineno="172"><highlight class="normal">}</highlight></codeline>
<codeline lineno="173"><highlight class="normal"></highlight></codeline>
<codeline lineno="180" refid="class_vector___dinamico_1a095f58bf99c0eee405111354cfa34e01" refkind="member"><highlight class="normal"><ref refid="class_vector___dinamico" kindref="compound">Vector_Dinamico</ref>&amp;<sp/><ref refid="class_vector___dinamico_1a095f58bf99c0eee405111354cfa34e01" kindref="member">operator=</ref>(</highlight><highlight class="keyword">const</highlight><highlight class="normal"><sp/><ref refid="class_vector___dinamico" kindref="compound">Vector_Dinamico</ref><sp/>&amp;original){</highlight></codeline>
<codeline lineno="181"><highlight class="normal"><sp/><sp/><sp/><sp/></highlight><highlight class="keywordflow">if</highlight><highlight class="normal"><sp/>(</highlight><highlight class="keyword">this</highlight><highlight class="normal"><sp/>!=<sp/>&amp;original)</highlight></codeline>
<codeline lineno="182"><highlight class="normal"><sp/><sp/><sp/><sp/><sp/><sp/><sp/><sp/></highlight><highlight class="keywordflow">if</highlight><highlight class="normal"><sp/>(this-&gt;reservados<sp/>&gt;<sp/>0)</highlight></codeline>
<codeline lineno="183"><highlight class="normal"><sp/><sp/><sp/><sp/><sp/><sp/><sp/><sp/><sp/><sp/><sp/><sp/></highlight><highlight class="keyword">delete</highlight><highlight class="normal">[]<sp/>datos;</highlight></codeline>
<codeline lineno="184"><highlight class="normal"><sp/><sp/><sp/><sp/>this-&gt;reservados<sp/>=<sp/>original.reservados;</highlight></codeline>
<codeline lineno="185"><highlight class="normal"><sp/><sp/><sp/><sp/>this-&gt;nelementos<sp/>=<sp/>original.nelementos;</highlight></codeline>
<codeline lineno="186"><highlight class="normal"><sp/><sp/><sp/><sp/></highlight><highlight class="keywordflow">if</highlight><highlight class="normal"><sp/>(this-&gt;reservados<sp/>&gt;<sp/>0){</highlight></codeline>
<codeline lineno="187"><highlight class="normal"><sp/><sp/><sp/><sp/><sp/><sp/><sp/><sp/>this-&gt;datos<sp/>=<sp/></highlight><highlight class="keyword">new</highlight><highlight class="normal"><sp/>T[this-&gt;reservados];</highlight></codeline>
<codeline lineno="188"><highlight class="normal"><sp/><sp/><sp/><sp/><sp/><sp/><sp/><sp/></highlight><highlight class="keywordflow">for</highlight><highlight class="normal"><sp/>(</highlight><highlight class="keywordtype">int</highlight><highlight class="normal"><sp/>i<sp/>=<sp/>0;<sp/>i<sp/>&lt;<sp/>this-&gt;nelementos;<sp/>i++)</highlight></codeline>
<codeline lineno="189"><highlight class="normal"><sp/><sp/><sp/><sp/><sp/><sp/><sp/><sp/><sp/><sp/><sp/><sp/>this-&gt;datos[i]<sp/>=<sp/>original.datos[i];</highlight></codeline>
<codeline lineno="190"><highlight class="normal"><sp/><sp/><sp/><sp/>}</highlight></codeline>
<codeline lineno="191"><highlight class="normal"><sp/><sp/><sp/><sp/></highlight><highlight class="keywordflow">return</highlight><highlight class="normal"><sp/>*</highlight><highlight class="keyword">this</highlight><highlight class="normal">;</highlight></codeline>
<codeline lineno="192"><highlight class="normal">}</highlight></codeline>
<codeline lineno="193"><highlight class="normal"></highlight></codeline>
<codeline lineno="199" refid="class_vector___dinamico_1a700424b8040723180b1c1893671097f6" refkind="member"><highlight class="keywordtype">void</highlight><highlight class="normal"><sp/><ref refid="class_vector___dinamico_1a700424b8040723180b1c1893671097f6" kindref="member">aniadeElemento</ref>(</highlight><highlight class="keyword">const</highlight><highlight class="normal"><sp/>T<sp/>&amp;elemento){</highlight></codeline>
<codeline lineno="200"><highlight class="normal"><sp/><sp/><sp/><sp/></highlight><highlight class="keywordflow">if</highlight><highlight class="normal"><sp/>(nelementos<sp/>&lt;<sp/>reservados){</highlight></codeline>
<codeline lineno="201"><highlight class="normal"><sp/><sp/><sp/><sp/><sp/><sp/><sp/><sp/>datos[nelementos]<sp/>=<sp/>elemento;</highlight></codeline>
<codeline lineno="202"><highlight class="normal"><sp/><sp/><sp/><sp/><sp/><sp/><sp/><sp/>nelementos++;</highlight></codeline>
<codeline lineno="203"><highlight class="normal"><sp/><sp/><sp/><sp/>}</highlight></codeline>
<codeline lineno="204"><highlight class="normal"><sp/><sp/><sp/><sp/></highlight><highlight class="keywordflow">else</highlight><highlight class="normal">{</highlight></codeline>
<codeline lineno="205"><highlight class="normal"><sp/><sp/><sp/><sp/><sp/><sp/><sp/><sp/><ref refid="class_vector___dinamico_1a1b7bf3f5b5dd748bbb55b8e2cd448c94" kindref="member">resize</ref>(reservados<sp/>+<sp/>1);</highlight></codeline>
<codeline lineno="206"><highlight class="normal"><sp/><sp/><sp/><sp/><sp/><sp/><sp/><sp/>datos[nelementos]<sp/>=<sp/>elemento;</highlight></codeline>
<codeline lineno="207"><highlight class="normal"><sp/><sp/><sp/><sp/><sp/><sp/><sp/><sp/>nelementos++;</highlight></codeline>
<codeline lineno="208"><highlight class="normal"><sp/><sp/><sp/><sp/>}</highlight></codeline>
<codeline lineno="209"><highlight class="normal">}</highlight></codeline>
<codeline lineno="210"><highlight class="normal"></highlight></codeline>
<codeline lineno="217" refid="class_vector___dinamico_1a040a253f525f881d7e5280ac62073965" refkind="member"><highlight class="keywordtype">void</highlight><highlight class="normal"><sp/><ref refid="class_vector___dinamico_1a040a253f525f881d7e5280ac62073965" kindref="member">borrarElemento</ref>(</highlight><highlight class="keyword">const</highlight><highlight class="normal"><sp/></highlight><highlight class="keywordtype">int</highlight><highlight class="normal"><sp/>posicion){</highlight></codeline>
<codeline lineno="218"><highlight class="normal"><sp/><sp/><sp/><sp/></highlight><highlight class="keywordflow">if</highlight><highlight class="normal"><sp/>(posicion<sp/>&gt;<sp/>0<sp/>&amp;&amp;<sp/>posicion<sp/>&lt;<sp/>reservados){</highlight></codeline>
<codeline lineno="219"><highlight class="normal"><sp/><sp/><sp/><sp/><sp/><sp/><sp/><sp/></highlight><highlight class="keywordflow">for</highlight><highlight class="normal"><sp/>(</highlight><highlight class="keywordtype">int</highlight><highlight class="normal"><sp/>i<sp/>=<sp/>posicion;<sp/>i<sp/>&lt;<sp/>nelementos<sp/>-<sp/>1;<sp/>i++)</highlight></codeline>
<codeline lineno="220"><highlight class="normal"><sp/><sp/><sp/><sp/><sp/><sp/><sp/><sp/><sp/><sp/><sp/><sp/><ref refid="class_vector___dinamico_1ab40f55577bcab2af4a0f6a9e7965b05a" kindref="member">modificaElemento</ref>(i,<sp/>datos[i<sp/>+<sp/>1]);</highlight></codeline>
<codeline lineno="221"><highlight class="normal"><sp/><sp/><sp/><sp/><sp/><sp/><sp/><sp/><ref refid="class_vector___dinamico_1a1b7bf3f5b5dd748bbb55b8e2cd448c94" kindref="member">resize</ref>(nelementos<sp/>-<sp/>1);</highlight></codeline>
<codeline lineno="222"><highlight class="normal"><sp/><sp/><sp/><sp/>}</highlight></codeline>
<codeline lineno="223"><highlight class="normal">}</highlight></codeline>
<codeline lineno="224"><highlight class="normal"></highlight></codeline>
<codeline lineno="232" refid="class_vector___dinamico_1ab40f55577bcab2af4a0f6a9e7965b05a" refkind="member"><highlight class="keywordtype">void</highlight><highlight class="normal"><sp/><ref refid="class_vector___dinamico_1ab40f55577bcab2af4a0f6a9e7965b05a" kindref="member">modificaElemento</ref>(</highlight><highlight class="keyword">const</highlight><highlight class="normal"><sp/></highlight><highlight class="keywordtype">int</highlight><highlight class="normal"><sp/>posicion,<sp/></highlight><highlight class="keyword">const</highlight><highlight class="normal"><sp/>T<sp/>&amp;elemento){</highlight></codeline>
<codeline lineno="233"><highlight class="normal"><sp/><sp/><sp/><sp/>datos[posicion]<sp/>=<sp/>elemento;</highlight></codeline>
<codeline lineno="234"><highlight class="normal">}</highlight></codeline>
<codeline lineno="235"><highlight class="normal"></highlight></codeline>
<codeline lineno="236"><highlight class="normal">};</highlight></codeline>
<codeline lineno="237"><highlight class="normal"></highlight></codeline>
<codeline lineno="238"><highlight class="normal"></highlight><highlight class="preprocessor">#endif<sp/></highlight></codeline>
    </programlisting>
    <location file="include/vector_dinamico.hpp"/>
  </compounddef>
</doxygen>
