<?xml version='1.0' encoding='UTF-8' standalone='no'?>
<doxygen xmlns:xsi="http://www.w3.org/2001/XMLSchema-instance" xsi:noNamespaceSchemaLocation="compound.xsd" version="1.8.16">
  <compounddef id="ingredientes_8h" kind="file" language="C++">
    <compoundname>ingredientes.h</compoundname>
    <includes refid="vector__dinamico_8h" local="yes">vector_dinamico.h</includes>
    <includes local="yes">ingrediente.h</includes>
    <includes local="no">iostream</includes>
    <includes local="no">string</includes>
    <incdepgraph>
      <node id="5">
        <label>ingrediente.h</label>
      </node>
      <node id="1">
        <label>include/ingredientes.h</label>
        <link refid="ingredientes_8h"/>
        <childnode refid="2" relation="include">
        </childnode>
        <childnode refid="5" relation="include">
        </childnode>
        <childnode refid="6" relation="include">
        </childnode>
        <childnode refid="7" relation="include">
        </childnode>
      </node>
      <node id="4">
        <label>cassert</label>
      </node>
      <node id="7">
        <label>string</label>
      </node>
      <node id="2">
        <label>vector_dinamico.h</label>
        <link refid="vector__dinamico_8h"/>
        <childnode refid="3" relation="include">
        </childnode>
        <childnode refid="4" relation="include">
        </childnode>
      </node>
      <node id="6">
        <label>iostream</label>
      </node>
      <node id="3">
        <label>vector_dinamico.tpp</label>
      </node>
    </incdepgraph>
    <innerclass refid="class_ingredientes" prot="public">Ingredientes</innerclass>
    <briefdescription>
<para>Fichero cabecera del TDA <ref refid="class_ingredientes" kindref="compound">Ingredientes</ref>. </para>
    </briefdescription>
    <detaileddescription>
    </detaileddescription>
    <programlisting>
<codeline lineno="1"></codeline>
<codeline lineno="7"><highlight class="preprocessor">#ifndef<sp/>_INGREDIENTES_H_</highlight><highlight class="normal"></highlight></codeline>
<codeline lineno="8"><highlight class="normal"></highlight><highlight class="preprocessor">#define<sp/>_INGREDIENTES_H_</highlight><highlight class="normal"></highlight></codeline>
<codeline lineno="9"><highlight class="normal"></highlight></codeline>
<codeline lineno="10"><highlight class="normal"></highlight><highlight class="preprocessor">#include<sp/>&quot;<ref refid="vector__dinamico_8h" kindref="compound">vector_dinamico.h</ref>&quot;</highlight><highlight class="normal"></highlight></codeline>
<codeline lineno="11"><highlight class="normal"></highlight><highlight class="preprocessor">#include<sp/>&quot;ingrediente.h&quot;</highlight><highlight class="normal"></highlight></codeline>
<codeline lineno="12"><highlight class="normal"></highlight></codeline>
<codeline lineno="31" refid="class_ingredientes" refkind="compound"><highlight class="keyword">class<sp/></highlight><highlight class="normal"><ref refid="class_ingredientes" kindref="compound">Ingredientes</ref>{</highlight></codeline>
<codeline lineno="32"><highlight class="normal"></highlight><highlight class="keyword">private</highlight><highlight class="normal">:</highlight></codeline>
<codeline lineno="47"><highlight class="normal"><sp/><sp/><sp/><sp/><ref refid="class_vector___dinamico" kindref="compound">Vector_Dinamico&lt;Ingrediente&gt;</ref><sp/>datos;<sp/></highlight></codeline>
<codeline lineno="49"><highlight class="keyword">public</highlight><highlight class="normal">:</highlight></codeline>
<codeline lineno="53"><highlight class="normal"><sp/><sp/><sp/><sp/><ref refid="class_ingredientes_1a4599533b7d0530fe6fdd68006b3f0bde" kindref="member">Ingredientes</ref>();</highlight></codeline>
<codeline lineno="59"><highlight class="normal"><sp/><sp/><sp/><sp/></highlight><highlight class="keywordtype">void</highlight><highlight class="normal"><sp/><ref refid="class_ingredientes_1aa49df6c8d8c48cca8591a620b2d15cc3" kindref="member">insertarIngrediente</ref>(</highlight><highlight class="keyword">const</highlight><highlight class="normal"><sp/>Ingrediente<sp/>&amp;ingrediente);</highlight></codeline>
<codeline lineno="60"><highlight class="normal"></highlight></codeline>
<codeline lineno="66"><highlight class="normal"><sp/><sp/><sp/><sp/></highlight><highlight class="keywordtype">void</highlight><highlight class="normal"><sp/><ref refid="class_ingredientes_1aaf94717166c3e624390ac5abe136d06a" kindref="member">borrarIngrediente</ref>(</highlight><highlight class="keyword">const</highlight><highlight class="normal"><sp/></highlight><highlight class="keywordtype">int</highlight><highlight class="normal"><sp/>nroIngrediente);</highlight></codeline>
<codeline lineno="67"><highlight class="normal"></highlight></codeline>
<codeline lineno="73"><highlight class="normal"><sp/><sp/><sp/><sp/></highlight><highlight class="keywordtype">void</highlight><highlight class="normal"><sp/><ref refid="class_ingredientes_1a7c0b7746dfc25fba382518fe8522a046" kindref="member">borrarIngredienteXNombre</ref>(</highlight><highlight class="keyword">const</highlight><highlight class="normal"><sp/></highlight><highlight class="keywordtype">string</highlight><highlight class="normal"><sp/>&amp;nombre);</highlight></codeline>
<codeline lineno="74"><highlight class="normal"></highlight></codeline>
<codeline lineno="81"><highlight class="normal"><sp/><sp/><sp/><sp/></highlight><highlight class="keywordtype">void</highlight><highlight class="normal"><sp/><ref refid="class_ingredientes_1a7e56b2666e0c566ba5799d8848669dd4" kindref="member">modificaIngrediente</ref>(</highlight><highlight class="keyword">const</highlight><highlight class="normal"><sp/></highlight><highlight class="keywordtype">int</highlight><highlight class="normal"><sp/>i,<sp/></highlight><highlight class="keyword">const</highlight><highlight class="normal"><sp/>Ingrediente<sp/>&amp;ingrediente);</highlight></codeline>
<codeline lineno="82"><highlight class="normal"></highlight></codeline>
<codeline lineno="89"><highlight class="normal"><sp/><sp/><sp/><sp/>Ingrediente<sp/><ref refid="class_ingredientes_1aeb8017d2e1182f78e3935ca72b766ef8" kindref="member">getIngrediente</ref>(</highlight><highlight class="keyword">const</highlight><highlight class="normal"><sp/></highlight><highlight class="keywordtype">int</highlight><highlight class="normal"><sp/>i);</highlight></codeline>
<codeline lineno="90"><highlight class="normal"></highlight></codeline>
<codeline lineno="97"><highlight class="normal"><sp/><sp/><sp/><sp/>Ingrediente<sp/><ref refid="class_ingredientes_1a97dea81c4db6348691c55e9db5ef3619" kindref="member">get</ref>(</highlight><highlight class="keyword">const</highlight><highlight class="normal"><sp/></highlight><highlight class="keywordtype">string</highlight><highlight class="normal"><sp/>&amp;nombre);</highlight></codeline>
<codeline lineno="98"><highlight class="normal"></highlight></codeline>
<codeline lineno="103"><highlight class="normal"><sp/><sp/><sp/><sp/></highlight><highlight class="keyword">const</highlight><highlight class="normal"><sp/></highlight><highlight class="keywordtype">int</highlight><highlight class="normal"><sp/><ref refid="class_ingredientes_1a485db5688382e8068feb4680caea9a5f" kindref="member">getNumIngredientes</ref>()<sp/></highlight><highlight class="keyword">const</highlight><highlight class="normal">;</highlight></codeline>
<codeline lineno="104"><highlight class="normal"></highlight></codeline>
<codeline lineno="110"><highlight class="normal"><sp/><sp/><sp/><sp/></highlight><highlight class="keywordtype">string</highlight><highlight class="normal"><sp/><ref refid="class_ingredientes_1a2f30f251726c114a425e655a07a21d80" kindref="member">getInformacion</ref>(</highlight><highlight class="keyword">const</highlight><highlight class="normal"><sp/></highlight><highlight class="keywordtype">string</highlight><highlight class="normal"><sp/>nombre);</highlight></codeline>
<codeline lineno="111"><highlight class="normal"></highlight></codeline>
<codeline lineno="116"><highlight class="normal"><sp/><sp/><sp/><sp/><ref refid="class_vector___dinamico" kindref="compound">Vector_Dinamico&lt;string&gt;</ref><sp/><ref refid="class_ingredientes_1a6f9df794709a67caddd0d89ab38e9ed3" kindref="member">getTipos</ref>();</highlight></codeline>
<codeline lineno="117"><highlight class="normal"><sp/><sp/><sp/><sp/></highlight></codeline>
<codeline lineno="124"><highlight class="normal"><sp/><sp/><sp/><sp/><ref refid="class_ingredientes" kindref="compound">Ingredientes</ref><sp/><ref refid="class_ingredientes_1ad49a4d1142a214e8c077871efed59c60" kindref="member">getIngredientesTipo</ref>(</highlight><highlight class="keyword">const</highlight><highlight class="normal"><sp/></highlight><highlight class="keywordtype">string</highlight><highlight class="normal"><sp/>tipo);</highlight></codeline>
<codeline lineno="125"><highlight class="normal"></highlight></codeline>
<codeline lineno="131"><highlight class="normal"><sp/><sp/><sp/><sp/>Ingrediente<sp/>&amp;<ref refid="class_ingredientes_1ac1a637a4b2fb6e7ce99f59ffea7e5eec" kindref="member">operator[]</ref>(</highlight><highlight class="keyword">const</highlight><highlight class="normal"><sp/></highlight><highlight class="keywordtype">int</highlight><highlight class="normal"><sp/>i);</highlight></codeline>
<codeline lineno="132"><highlight class="normal"></highlight></codeline>
<codeline lineno="138"><highlight class="normal"><sp/><sp/><sp/><sp/></highlight><highlight class="keyword">const</highlight><highlight class="normal"><sp/>Ingrediente<sp/>&amp;<ref refid="class_ingredientes_1ac1a637a4b2fb6e7ce99f59ffea7e5eec" kindref="member">operator[]</ref>(</highlight><highlight class="keyword">const</highlight><highlight class="normal"><sp/></highlight><highlight class="keywordtype">int</highlight><highlight class="normal"><sp/>i)<sp/></highlight><highlight class="keyword">const</highlight><highlight class="normal">;</highlight></codeline>
<codeline lineno="139"><highlight class="normal"></highlight></codeline>
<codeline lineno="144"><highlight class="normal"><sp/><sp/><sp/><sp/></highlight><highlight class="keywordtype">void</highlight><highlight class="normal"><sp/><ref refid="class_ingredientes_1a44039882f9e87d1e6fc0a97bf9cac579" kindref="member">ordenaPorNombre</ref>();</highlight></codeline>
<codeline lineno="145"><highlight class="normal"></highlight></codeline>
<codeline lineno="150"><highlight class="normal"><sp/><sp/><sp/><sp/><ref refid="class_ingredientes" kindref="compound">Ingredientes</ref><sp/><ref refid="class_ingredientes_1aea7daaebce685d1edacada5fd79034bb" kindref="member">ordenaPorTipo</ref>();</highlight></codeline>
<codeline lineno="151"><highlight class="normal"></highlight></codeline>
<codeline lineno="157"><highlight class="normal"><sp/><sp/><sp/><sp/></highlight><highlight class="keywordtype">void</highlight><highlight class="normal"><sp/><ref refid="class_ingredientes_1ab56b335eeb1662c1869d428df28fb035" kindref="member">imprimirPorTipo</ref>(ostream<sp/>&amp;os);</highlight></codeline>
<codeline lineno="158"><highlight class="normal"></highlight></codeline>
<codeline lineno="165"><highlight class="normal"><sp/><sp/><sp/><sp/></highlight><highlight class="keyword">friend</highlight><highlight class="normal"><sp/>ostream<sp/>&amp;<ref refid="class_ingredientes_1a11a8ab6e1628b050812fbf57b33265ea" kindref="member">operator&lt;&lt;</ref>(ostream<sp/>&amp;os,<sp/></highlight><highlight class="keyword">const</highlight><highlight class="normal"><sp/><ref refid="class_ingredientes" kindref="compound">Ingredientes</ref><sp/>&amp;ingredientes);</highlight></codeline>
<codeline lineno="166"><highlight class="normal"></highlight></codeline>
<codeline lineno="174"><highlight class="normal"><sp/><sp/><sp/><sp/></highlight><highlight class="keyword">friend</highlight><highlight class="normal"><sp/>istream<sp/>&amp;<ref refid="class_ingredientes_1a2f2a26cb7e5d982fcbe248027671937d" kindref="member">operator&gt;&gt;</ref>(istream<sp/>&amp;is,<sp/><ref refid="class_ingredientes" kindref="compound">Ingredientes</ref><sp/>&amp;ingredientes);</highlight></codeline>
<codeline lineno="175"><highlight class="normal">};</highlight></codeline>
<codeline lineno="176"><highlight class="normal"></highlight></codeline>
<codeline lineno="177"><highlight class="normal"></highlight><highlight class="preprocessor">#endif</highlight></codeline>
    </programlisting>
    <location file="include/ingredientes.h"/>
  </compounddef>
</doxygen>
