<?xml version='1.0' encoding='UTF-8' standalone='no'?>
<doxygen xmlns:xsi="http://www.w3.org/2001/XMLSchema-instance" xsi:noNamespaceSchemaLocation="compound.xsd" version="1.8.16">
  <compounddef id="vector__dinamico_8h" kind="file" language="C++">
    <compoundname>vector_dinamico.h</compoundname>
    <includes local="yes">vector_dinamico.tpp</includes>
    <includes local="no">cassert</includes>
    <includedby refid="ingredientes_8h" local="yes">include/ingredientes.h</includedby>
    <incdepgraph>
      <node id="3">
        <label>cassert</label>
      </node>
      <node id="1">
        <label>include/vector_dinamico.h</label>
        <link refid="vector__dinamico_8h"/>
        <childnode refid="2" relation="include">
        </childnode>
        <childnode refid="3" relation="include">
        </childnode>
      </node>
      <node id="2">
        <label>vector_dinamico.tpp</label>
      </node>
    </incdepgraph>
    <invincdepgraph>
      <node id="2">
        <label>include/ingredientes.h</label>
        <link refid="ingredientes_8h"/>
      </node>
      <node id="1">
        <label>include/vector_dinamico.h</label>
        <link refid="vector__dinamico_8h"/>
        <childnode refid="2" relation="include">
        </childnode>
      </node>
    </invincdepgraph>
    <innerclass refid="class_vector___dinamico" prot="public">Vector_Dinamico</innerclass>
    <briefdescription>
<para>Fichero cabecera del TDA <ref refid="class_vector___dinamico" kindref="compound">Vector_Dinamico</ref>. </para>
    </briefdescription>
    <detaileddescription>
    </detaileddescription>
    <programlisting>
<codeline lineno="1"></codeline>
<codeline lineno="7"><highlight class="preprocessor">#ifndef<sp/>_VECTOR_DINAMICO_H_</highlight><highlight class="normal"></highlight></codeline>
<codeline lineno="8"><highlight class="normal"></highlight><highlight class="preprocessor">#define<sp/>_VECTOR_DINAMICO_H_</highlight><highlight class="normal"></highlight></codeline>
<codeline lineno="9"><highlight class="normal"></highlight></codeline>
<codeline lineno="30"><highlight class="keyword">template</highlight><highlight class="normal"><sp/>&lt;</highlight><highlight class="keyword">class</highlight><highlight class="normal"><sp/>T&gt;</highlight></codeline>
<codeline lineno="31" refid="class_vector___dinamico" refkind="compound"><highlight class="normal"></highlight><highlight class="keyword">class<sp/></highlight><highlight class="normal"><ref refid="class_vector___dinamico" kindref="compound">Vector_Dinamico</ref>{</highlight></codeline>
<codeline lineno="32"><highlight class="normal"></highlight><highlight class="keyword">private</highlight><highlight class="normal">:</highlight></codeline>
<codeline lineno="47"><highlight class="normal"><sp/><sp/><sp/><sp/>T<sp/>*datos;</highlight></codeline>
<codeline lineno="48"><highlight class="normal"><sp/><sp/><sp/><sp/></highlight><highlight class="keywordtype">int</highlight><highlight class="normal"><sp/>nelementos;</highlight></codeline>
<codeline lineno="49"><highlight class="normal"><sp/><sp/><sp/><sp/></highlight><highlight class="keywordtype">int</highlight><highlight class="normal"><sp/>reservados;</highlight></codeline>
<codeline lineno="50"><highlight class="normal"></highlight></codeline>
<codeline lineno="51"><highlight class="normal"></highlight><highlight class="keyword">public</highlight><highlight class="normal">:</highlight></codeline>
<codeline lineno="52"><highlight class="normal"></highlight></codeline>
<codeline lineno="56"><highlight class="normal"><ref refid="class_vector___dinamico_1aff1df0a1ee3621516de0914371c76e7d" kindref="member">Vector_Dinamico</ref>();</highlight></codeline>
<codeline lineno="57"><highlight class="normal"></highlight></codeline>
<codeline lineno="64"><highlight class="normal"><ref refid="class_vector___dinamico_1aff1df0a1ee3621516de0914371c76e7d" kindref="member">Vector_Dinamico</ref>(</highlight><highlight class="keywordtype">int</highlight><highlight class="normal"><sp/>n);</highlight></codeline>
<codeline lineno="65"><highlight class="normal"></highlight></codeline>
<codeline lineno="72"><highlight class="normal"><ref refid="class_vector___dinamico_1aff1df0a1ee3621516de0914371c76e7d" kindref="member">Vector_Dinamico</ref>(</highlight><highlight class="keyword">const</highlight><highlight class="normal"><sp/><ref refid="class_vector___dinamico" kindref="compound">Vector_Dinamico</ref><sp/>&amp;original);</highlight></codeline>
<codeline lineno="73"><highlight class="normal"></highlight></codeline>
<codeline lineno="78"><highlight class="normal"><ref refid="class_vector___dinamico_1a7a804c69350b7e514cd1b294c3ed9da1" kindref="member">~Vector_Dinamico</ref>();</highlight></codeline>
<codeline lineno="79"><highlight class="normal"></highlight></codeline>
<codeline lineno="84"><highlight class="keywordtype">int</highlight><highlight class="normal"><sp/><ref refid="class_vector___dinamico_1af4050e799003ac92ab8da36d8bd5bb00" kindref="member">size</ref>()<sp/></highlight><highlight class="keyword">const</highlight><highlight class="normal">;</highlight></codeline>
<codeline lineno="85"><highlight class="normal"></highlight></codeline>
<codeline lineno="90"><highlight class="keywordtype">int</highlight><highlight class="normal"><sp/><ref refid="class_vector___dinamico_1a568649cf848f2155b4d5eb6ee527bb6c" kindref="member">getNumElementos</ref>()<sp/></highlight><highlight class="keyword">const</highlight><highlight class="normal">;</highlight></codeline>
<codeline lineno="91"><highlight class="normal"></highlight></codeline>
<codeline lineno="97"><highlight class="keywordtype">void</highlight><highlight class="normal"><sp/><ref refid="class_vector___dinamico_1a1b7bf3f5b5dd748bbb55b8e2cd448c94" kindref="member">resize</ref>(</highlight><highlight class="keywordtype">int</highlight><highlight class="normal"><sp/>n);</highlight></codeline>
<codeline lineno="98"><highlight class="normal"></highlight></codeline>
<codeline lineno="104"><highlight class="normal">T<sp/>&amp;<ref refid="class_vector___dinamico_1a93666466d9a2bf8bc4f2a217d5f94bf9" kindref="member">operator[]</ref>(</highlight><highlight class="keyword">const</highlight><highlight class="normal"><sp/></highlight><highlight class="keywordtype">int</highlight><highlight class="normal"><sp/>i);</highlight></codeline>
<codeline lineno="105"><highlight class="normal"></highlight></codeline>
<codeline lineno="111"><highlight class="keyword">const</highlight><highlight class="normal"><sp/>T<sp/>&amp;<ref refid="class_vector___dinamico_1a93666466d9a2bf8bc4f2a217d5f94bf9" kindref="member">operator[]</ref>(</highlight><highlight class="keyword">const</highlight><highlight class="normal"><sp/></highlight><highlight class="keywordtype">int</highlight><highlight class="normal"><sp/>i)<sp/></highlight><highlight class="keyword">const</highlight><highlight class="normal">;</highlight></codeline>
<codeline lineno="112"><highlight class="normal"></highlight></codeline>
<codeline lineno="119"><highlight class="normal"><ref refid="class_vector___dinamico" kindref="compound">Vector_Dinamico</ref><sp/>&amp;<ref refid="class_vector___dinamico_1a095f58bf99c0eee405111354cfa34e01" kindref="member">operator=</ref>(</highlight><highlight class="keyword">const</highlight><highlight class="normal"><sp/><ref refid="class_vector___dinamico" kindref="compound">Vector_Dinamico</ref><sp/>&amp;original);</highlight></codeline>
<codeline lineno="120"><highlight class="normal"></highlight></codeline>
<codeline lineno="126"><highlight class="keywordtype">void</highlight><highlight class="normal"><sp/><ref refid="class_vector___dinamico_1a700424b8040723180b1c1893671097f6" kindref="member">aniadeElemento</ref>(</highlight><highlight class="keyword">const</highlight><highlight class="normal"><sp/>T<sp/>&amp;elemento);</highlight></codeline>
<codeline lineno="127"><highlight class="normal"></highlight></codeline>
<codeline lineno="134"><highlight class="keywordtype">void</highlight><highlight class="normal"><sp/><ref refid="class_vector___dinamico_1a040a253f525f881d7e5280ac62073965" kindref="member">borrarElemento</ref>(</highlight><highlight class="keyword">const</highlight><highlight class="normal"><sp/></highlight><highlight class="keywordtype">int</highlight><highlight class="normal"><sp/>posicion);</highlight></codeline>
<codeline lineno="135"><highlight class="normal"></highlight></codeline>
<codeline lineno="143"><highlight class="keywordtype">void</highlight><highlight class="normal"><sp/><ref refid="class_vector___dinamico_1ab40f55577bcab2af4a0f6a9e7965b05a" kindref="member">modificaElemento</ref>(</highlight><highlight class="keyword">const</highlight><highlight class="normal"><sp/></highlight><highlight class="keywordtype">int</highlight><highlight class="normal"><sp/>posicion,<sp/></highlight><highlight class="keyword">const</highlight><highlight class="normal"><sp/>T<sp/>&amp;elemento);</highlight></codeline>
<codeline lineno="144"><highlight class="normal"></highlight></codeline>
<codeline lineno="145"><highlight class="normal">};</highlight></codeline>
<codeline lineno="146"><highlight class="normal"></highlight></codeline>
<codeline lineno="147"><highlight class="normal"></highlight><highlight class="preprocessor">#include<sp/>&quot;vector_dinamico.tpp&quot;</highlight><highlight class="normal"></highlight></codeline>
<codeline lineno="148"><highlight class="normal"></highlight></codeline>
<codeline lineno="149"><highlight class="normal"></highlight><highlight class="preprocessor">#endif<sp/></highlight></codeline>
    </programlisting>
    <location file="include/vector_dinamico.h"/>
  </compounddef>
</doxygen>
