<?xml version='1.0' encoding='UTF-8' standalone='no'?>
<doxygen xmlns:xsi="http://www.w3.org/2001/XMLSchema-instance" xsi:noNamespaceSchemaLocation="compound.xsd" version="1.8.16">
  <compounddef id="dir_d44c64559bbebec7f509842c48db8b23" kind="dir">
    <compoundname>include</compoundname>
    <innerfile refid="ingredientes_8h">ingredientes.h</innerfile>
    <innerfile refid="vector__dinamico_8h">vector_dinamico.h</innerfile>
    <briefdescription>
    </briefdescription>
    <detaileddescription>
    </detaileddescription>
    <location file="include/"/>
  </compounddef>
</doxygen>
